Имя;цена
AGRITECH;168.00
CHAVDA;96.70
AGROPHOS;39.00
NEWJAISA;85.70
JETFREIGHT;13.05
ASHIMASYN;19.35
JETAIRWAYS;47.45
PCJEWELLER;61.35
NKIND;59.60
SUMEETINDS;3.20
BROOKS;96.35
BALKRISHNA;39.65
HCL-INSYS;15.30
YAARI;7.75
SGIL;313.95
UNITEDPOLY;102.00
GILLANDERS;80.75
FMNL;5.80
CYBERMEDIA;25.85
LASA;24.25
PAVNAIND;549.40
ARCHIDPLY;79.15
SWANENERGY;492.00
JMA;107.10
INDIANHUME;244.85
SGL;14.40
DEVIT;99.95
BINANIIND;14.60
SEYAIND;21.90
SEMAC;2,800.00
RAJESHEXPO;296.90
OAL;325.85
SINTERCOM;130.80
COMSYN;69.60
ARTNIRMAN;66.00
MACPOWER;900.00
HINDCOPPER;242.50
APCOTEXIND;418.85
INFOMEDIA;6.60
JPOLYINVST;659.25
ENIL;276.65
JHS;-
PNC;51.95
CINEVISTA;17.50
VHL;2,863.95
VARROC;460.00
FIBERWEB;31.95
DYNAMATECH;6,522.35
DAMODARIND;46.45
SHRADHA;58.40
AVONMORE;89.00
UNITEDTEA;311.00
DANGEE;9.35
WEALTH;529.95
EQUIPPP;25.30
KPIL;1,020.00
MMP;239.95
BALPHARMA;93.00
INNOVANA;485.00
JINDWORLD;347.00
TEXMOPIPES;73.25
COMPUSOFT;23.35
AMDIND;54.00
LCCINFOTEC;2.30
KOHINOOR;36.95
AWHCL;454.00
RELINFRA;191.00
SMSPHARMA;167.90
HAVISHA;2.35
ANUP;2,628.85
SIL;21.50
SHREYAS;256.75
TVSHLTD;8,648.00
SATIN;188.45
ACEINTEG;31.50
HIMATSEIDE;120.30
KHAITANLTD;64.30
ZUARI;165.00
ZOTA;468.80
MANORAMA;315.10
VSTL;237.05
SETCO;7.85
SHREEPUSHK;161.85
KAMATHOTEL;249.80
IRMENERGY;453.95
ALBERTDAVD;1,067.80
SIMBHALS;24.75
HARDWYN;31.85
MAHEPC;116.85
BLISSGVS;105.25
KCP;160.90
ESTER;87.95
DAVANGERE;96.95
APEX;195.00
AVG;497.00
SUPRIYA;315.00
SUNDARAM;3.00
GULFPETRO;60.45
KEC;700.95
ELECON;823.00
JAIPURKURT;47.20
GMRINFRA;76.35
POWERMECH;4,665.00
CHEMCON;252.00
JSFB;388.95
INDTERRAIN;70.10
GANGESSECU;113.60
SAKAR;343.65
HERANBA;310.00
RESPONIND;276.95
PRIVISCL;1,023.40
VALIANTORG;398.80
NGLFINE;2,049.90
VIJAYA;619.15
EXCELINDUS;731.00
KAYA;314.75
GOACARBON;683.80
RAMCOSYS;270.90
JAGSNPHARM;291.25
GNA;393.40
APTECHT;207.25
MAHESHWARI;61.75
PANACEABIO;134.05
DCW;48.50
BFINVEST;506.00
NAVKARCORP;80.00
JLHL;1,156.20
CENTENKA;386.20
ITALIANE;32.00
AHLEAST;145.95
DTIL;188.95
COASTCORP;246.95
FOODSIN;133.75
MAHAPEXLTD;112.45
ZUARIIND;257.70
CCL;597.90
MEGASTAR;280.00
IPCALAB;1,147.95
WSTCSTPAPR;612.00
3IINFOLTD;39.55
INDSWFTLTD;15.85
COCHINSHIP;739.95
MAYURUNIQ;499.75
TTL;122.00
SUNFLAG;184.10
VISHNU;253.95
ARVSMART;561.60
JASH;1,620.00
KHAICHEM;67.00
CORALFINAC;42.00
DEEPENR;156.00
OBCL;51.00
AXITA;21.25
AROGRANITE;42.75
ENTERO;1,004.95
NGIL;48.80
UJJIVAN;475.00
BPL;80.90
GREAVESCOT;127.20
BAJAJELEC;931.45
ISMTLTD;86.00
TEJASNET;679.95
SHRIRAMPPS;97.10
PAR;205.00
MANAKSIA;100.20
PRUDENT;1,163.00
MATRIMONY;517.20
SDBL;222.00
VSSL;193.90
HINDALCO;512.00
AGARIND;798.95
BOROLTD;378.95
ABBOTINDIA;27,666.00
GENESYS;530.95
EXPLEOSOL;1,261.65
XCHANGING;107.30
MANAPPURAM;161.80
KHANDSE;27.00
FOCUS;173.90
NRBBEARING;261.00
TI;185.90
CHEMPLASTS;436.35
SADHNANIQ;66.55
BURNPUR;5.65
SHIVALIK;513.00
LXCHEM;229.00
SANDESH;1,095.20
EPACK;157.00
TATAELXSI;7,456.75
MAITHANALL;974.25
SALZERELEC;644.50
APLLTD;927.00
PCBL;232.90
JTLIND;177.95
MGL;1,230.10
SATIA;106.85
RADIANTCMS;75.95
JWL;310.95
BHARATGEAR;101.95
MUFTI;185.05
ARIHANTSUP;275.00
ANDHRSUGAR;96.00
PHANTOMFX;436.00
SATINDLTD;86.30
SHARDACROP;331.80
CEREBRAINT;6.85
PGHH;15,623.65
BLKASHYAP;61.80
ADANIENT;2,927.45
KIRIINDUS;325.30
ALPHAGEO;300.00
RATNAVEER;111.80
CAMPUS;223.90
ROLEXRINGS;1,838.95
SUNDRMFAST;1,034.90
FORCEMOT;5,899.95
NUVOCO;300.00
ITDCEM;270.95
KABRAEXTRU;305.95
SOMICONVEY;126.90
MADHAV;39.70
TASTYBITE;12,745.00
CYIENT;1,909.00
NIPPOBATRY;599.95
GRINDWELL;1,920.50
SOLARA;370.45
NATIONALUM;137.00
AKZOINDIA;2,300.50
SAURASHCEM;98.75
DISHTV;16.50
AGI;714.00
IBREALEST;99.80
WONDERLA;842.05
HINDWAREAP;319.90
GAEL;363.70
SAMHI;206.35
RITES;588.95
USHAMART;279.05
RPTECH;296.95
BLS;289.60
GPIL;695.20
TCL;141.00
GRAPHITE;601.75
HONASA;380.80
RKFORGE;630.40
SUNDARMFIN;3,920.90
ISEC;755.95
SUNPHARMA;1,567.25
VIMTALABS;436.00
DHAMPURSUG;218.45
PFOCUS;92.45
RCF;121.00
5PAISA;474.95
GLOBAL;209.65
ROSSARI;687.40
RELIANCE;2,879.40
KANSAINER;260.00
NDTV;212.85
ASHIANA;272.45
BAJAJHCARE;301.95
CHOLAFIN;1,053.70
SAHYADRI;332.40
ICEMAKE;450.05
PGINVIT;96.15
BARBEQUE;520.25
NHPC;78.55
GTPL;158.40
SAKHTISUG;29.70
WHEELS;564.55
YUKEN;714.50
RACE;337.90
STOVEKRAFT;417.70
PSPPROJECT;608.25
BALRAMCHIN;349.35
DBOL;119.90
STCINDIA;120.00
RANASUG;20.05
AUTOAXLES;1,799.50
DHANUKA;987.40
AIROLAM;151.40
NAVNETEDUL;131.75
BFUTILITIE;703.00
ATULAUTO;481.00
NATCOPHARM;938.00
REPL;175.80
TVTODAY;207.20
NAVA;447.00
DCBBANK;114.85
UNIDT;221.00
ITDC;590.10
HAL;3,053.95
NFL;85.00
COALINDIA;419.00
BBTC;1,551.00
SHANKARA;635.70
CHENNPETRO;780.95
BOSCHLTD;28,429.95
CENTUM;1,439.95
PNBGILTS;100.85
BHARTIARTL;1,173.95
ZYDUSWELL;1,510.00
RUCHINFRA;11.40
ANGELONE;2,445.90
NEOGEN;1,247.00
SYNOPTICS;117.00
DVL;333.35
JCHAC;998.45
KRSNAA;563.05
GRMOVER;116.70
SHRIPISTON;1,449.60
LAXMIMACH;13,777.00
ENGINERSIN;187.45
CAPITALSFB;339.95
KELLTONTEC;95.50
NIACL;218.50
SHAKTIPUMP;1,165.00
BIRLACABLE;220.45
YATRA;138.10
PALREDTEC;125.45
KIRLOSIND;3,849.00
ESAFSFB;56.15
IKIO;280.80
DOLLAR;464.90
SBIN;749.90
VRLLOG;529.45
TREL;43.00
MOLDTECH;186.95
MUNJALSHOW;146.00
GSFC;190.00
SIYSIL;455.00
SAIL;119.10
ATMASTCO;134.00
ASAL;545.00
YASHO;1,530.00
GALAXYSURF;2,355.00
ERIS;833.95
CIGNITITEC;1,095.80
ABB;5,614.90
CHOICEIN;246.80
NCLIND;182.50
FSL;182.60
UTIAMC;813.95
SHALBY;216.50
TIMKEN;2,581.80
JSWHL;6,300.00
VADILALIND;3,214.65
ARIHANTCAP;51.35
DLINKINDIA;258.50
RAINBOW;1,107.55
DPWIRES;422.00
ENDURANCE;1,731.20
DCXINDIA;247.45
BTML;162.50
VGUARD;306.95
NESTLEIND;2,590.00
APOLLOTYRE;493.35
BAIDFIN;19.85
ZYDUSLIFE;970.95
SUDARSCHEM;551.00
RTNINDIA;65.55
DEEPAKFERT;461.00
HINDPETRO;485.00
AVADHSUGAR;562.10
WHIRLPOOL;1,262.40
KITEX;181.30
IBULHSGFIN;160.35
NECCLTD;23.05
CANTABIL;185.00
ADANIENSOL;950.00
AMRUTANJAN;604.95
BSHSL;189.00
PRSMJOHNSN;165.40
TATVA;1,209.95
BHINVIT;103.50
INTELLECT;1,132.00
CUB;127.05
MEDPLUS;666.55
ASTEC;1,054.35
TEGA;1,160.00
NOVAAGRI;51.95
NSLNISP;52.00
HINDOILEXP;159.45
INFY;1,614.40
ANDHRAPAP;495.00
HEIDELBERG;193.50
AARTIDRUGS;452.55
VENKEYS;1,609.00
RHIM;513.65
KRITI;123.40
GEOJITFSL;62.20
EIDPARRY;554.95
HCLTECH;1,634.00
MANYAVAR;910.20
CAMLINFINE;102.40
DHANI;34.20
UCAL;138.20
ARIES;242.00
NUVAMA;3,814.85
TRIDENT;35.60
GANDHAR;215.05
AWL;333.00
PRECWIRE;114.45
RENUKA;40.00
ASTRAZEN;5,099.80
FINOPB;282.60
THEJO;2,120.00
GUJALKALI;707.70
CGPOWER;462.00
TITAN;3,629.95
MANINFRA;171.10
HDFCBANK;1,462.10
UJJIVANSFB;44.90
ORIENTCER;45.05
SPAL;556.60
ASALCBR;465.35
TCS;4,153.45
NURECA;286.00
ZEEL;145.40
MARUTI;11,401.75
JINDALSTEL;764.95
KANORICHEM;103.00
TRU;52.00
ROUTE;1,570.95
FIEMIND;1,016.95
JKCEMENT;4,090.00
PDMJEPAPER;55.50
KICL;3,611.00
DYCL;349.95
DALBHARAT;1,827.00
JUBLFOOD;431.35
ARVINDFASN;426.45
STEL;285.00
AEGISCHEM;362.95
TTML;74.25
RUSTOMJEE;596.00
PGEL;1,490.70
INGERRAND;3,460.00
GMDCLTD;324.00
ACL;83.45
TCNSBRANDS;334.15
RSWM;169.70
GRSE;686.20
HLEGLAS;445.65
KINGFA;1,529.90
PAGEIND;34,049.95
KECL;99.70
DATAMATICS;504.00
WORTH;102.00
TATATECH;1,037.95
NAZARA;631.00
SEQUENT;114.50
KOKUYOCMLN;116.00
SANOFI;8,031.95
SPANDANA;840.05
DMCC;257.00
MARKSANS;133.00
GRASIM;2,149.90
ADANIPORTS;1,210.00
JTEKTINDIA;140.00
CYBERTECH;143.15
AMBIKCO;1,449.95
JYOTICNC;582.00
GLAXO;1,926.95
MRF;1,39,100.00
LICI;910.00
INDIAGLYCO;760.00
GICHSGFIN;197.20
MUTHOOTMF;199.50
ORIENTCEM;202.00
OPTIEMUS;263.85
CENTURYTEX;1,344.80
SIEMENS;4,650.95
BSE;2,012.00
SUMICHEM;339.40
ATUL;5,995.95
GRAVITA;741.00
GOKEX;716.00
STYLAMIND;1,476.80
GARFIBRES;3,221.15
SAH;87.65
SCHAND;227.65
BALAXI;486.30
INDORAMA;40.25
MENONBE;109.55
SUNDARMHLD;189.30
FMGOETZE;322.80
SUVIDHAA;5.40
AAVAS;1,339.65
PRINCEPIPE;530.20
HMT;45.00
BALAMINES;2,041.05
ZAGGLE;293.30
NRL;97.25
KALAMANDIR;177.40
MVGJL;186.70
MANINDS;334.85
BIRLAMONEY;92.55
SPTL;1.10
HARSHA;369.75
TERASOFT;52.15
FSC;8.90
DELTACORP;118.25
20MICRONS;137.10
UGARSUGAR;67.85
PTC;167.20
IDEAFORGE;691.95
FAIRCHEMOR;1,193.25
NIITLTD;102.05
VAKRANGEE;19.45
PREMEXPLN;1,339.00
GOYALALUM;8.85
IDFC;108.90
BANDHANBNK;178.70
IGPL;414.80
MONTECARLO;636.05
LEMONTREE;125.00
SHAILY;462.60
RAMASTEEL;33.75
SOUTHWEST;100.15
LUMAXTECH;415.70
PEL;822.85
RATNAMANI;2,609.35
KOTARISUG;48.80
LAGNAM;107.50
VLSFINANCE;232.30
DOMS;1,405.70
BPCL;597.75
CLEAN;1,290.15
METROPOLIS;1,587.80
BIRLACORPN;1,434.65
HINDZINC;301.80
TTKPRESTIG;699.30
LATENTVIEW;443.55
FEL;0.70
BSL;169.85
KREBSBIO;64.45
SAMBHAAV;5.20
SHALPAINTS;157.00
MGEL;17.95
ARE&M;783.15
JITFINFRA;486.55
ZEEMEDIA;10.45
AETHER;786.95
COFFEEDAY;50.60
EDELWEISS;65.30
CRISIL;4,883.80
TBZ;99.55
HINDMOTORS;15.60
GLOBUSSPR;723.15
ECLERX;2,334.30
MAANALU;140.00
HONAUT;36,442.60
EASEMYTRIP;41.65
KUANTUM;146.70
WENDT;11,157.15
IVC;8.85
SMSLIFE;602.90
MAHSCOOTER;6,876.70
MARICO;496.15
RADIOCITY;16.20
CERA;7,026.30
SHREECEM;24,360.35
KANANIIND;3.90
OCCL;687.25
ZIMLAB;94.25
HAVELLS;1,474.05
ALKYLAMINE;1,975.10
HERITGFOOD;308.90
HONDAPOWER;2,216.55
PGHL;4,882.75
RVNL;222.60
3MINDIA;30,246.55
SURYAROSNI;477.70
IIFLSEC;115.45
EXICOM;177.05
YESBANK;20.95
SPECIALITY;172.75
JAYSREETEA;93.95
ASAHISONG;304.50
OSWALSEEDS;30.80
GABRIEL;277.75
VERTOZ;716.45
ZODIACLOTH;106.10
BCG;15.80
UBL;1,687.85
EXCEL;0.50
WESTLIFE;715.80
SRF;2,386.00
INDIACEM;196.05
UCOBANK;48.15
GHCLTEXTIL;72.75
THEINVEST;122.00
GRANULES;412.15
LOKESHMACH;288.05
BRNL;56.00
EIHAHOTELS;639.90
PURVA;177.50
JISLJALEQS;44.55
CREST;395.25
APOLLOHOSP;6,008.40
HCC;32.00
ADSL;128.45
SURANAT&P;14.90
FRETAIL;2.50
TMB;453.40
FEDFINA;113.30
GMBREW;584.20
BAYERCROP;5,030.15
BEPL;82.40
FIVESTAR;609.90
TNPETRO;79.55
GSLSU;224.45
TCIEXP;1,001.40
UNIVCABLES;394.95
OSWALGREEN;28.65
ASKAUTOLTD;243.55
IGARASHI;418.70
BLUEDART;5,696.25
ATL;52.00
SUPREMEIND;3,719.20
M&M;1,853.70
GREENCHEF;70.70
HAPPYFORGE;835.65
GOENKA;0.85
PREMIERPOL;172.25
SCPL;339.95
RUSHIL;292.55
CONCOR;862.45
ADORWELD;1,385.30
HAPPSTMNDS;785.15
SOBHA;1,268.00
SRHHYPOLTD;482.25
AEROFLEX;116.55
MURUDCERA;43.35
SHILPAMED;405.35
VETO;110.40
SASTASUNDR;287.15
KBCGLOBAL;1.85
SUNTV;585.75
GOODLUCK;788.90
CELLO;723.40
BASML;38.25
TRIVENI;307.80
BCLIND;53.30
TATAPOWER;371.95
TEXRAIL;145.10
CROMPTON;277.15
EVERESTIND;1,091.20
SFL;948.70
GOLDENTOBC;52.15
KALYANIFRG;435.70
SCHAEFFLER;2,769.40
DODLA;819.55
FLFL;2.45
AJANTPHARM;2,110.70
THOMASCOOK;142.75
IFGLEXPOR;482.10
MRO-TEK;58.05
IDEA;12.40
SICALLOG;190.50
GANDHITUBE;683.90
ASTRON;23.60
MANGLMCEM;652.35
HESTERBIO;1,305.30
WEWIN;64.75
PTL;38.05
MAHLOG;394.55
SMLISUZU;1,779.55
GICRE;317.40
OIL;573.80
LGBBROSLTD;1,120.75
VERANDA;180.00
MANALIPETC;57.90
BEARDSELL;35.60
ALLCARGO;69.10
LINDEINDIA;6,057.95
SITINET;0.65
EMKAY;112.30
EPIGRAL;969.35
GANESHBE;169.90
SOLARINDS;7,346.25
INDOTECH;847.70
BAJFINANCE;6,456.15
SAFARI;1,711.55
ABSLAMC;471.75
AVTNPL;82.25
TFL;9.50
INDIGOPNTS;1,308.65
FINCABLES;844.10
HIL;2,686.30
FINEORG;4,100.05
NH;1,187.60
MCDOWELL-N;1,109.25
HATSUN;1,103.00
ASIANPAINT;2,860.00
HGINFRA;875.90
KSL;856.00
GLS;688.25
PARAS;624.50
JSL;618.70
GNFC;598.00
UPL;451.85
PDSL;447.90
CHEMBOND;447.00
IGL;407.50
VSTTILLERS;3,025.05
EVEREADY;323.70
STERTOOLS;322.25
MCX;3,210.10
SESHAPAPER;304.50
ICIL;294.75
BASF;3,163.00
TNPL;250.20
RALLIS;240.60
DMART;3,966.95
FINPIPE;207.25
KIRLOSBROS;992.25
CASTROLIND;191.50
KARURVYSYA;170.15
IRBINVIT;67.15
APLAPOLLO;1,492.00
RAMCOCEM;790.00
LINC;466.00
RAILTEL;308.15
TAJGVK;303.90
SIS;446.95
SURYODAY;147.10
TATASTEEL;143.60
AHL;277.00
MUTHOOTFIN;1,350.00
PETRONET;263.65
JBCHEPHARM;1,550.95
VEDL;251.80
RUCHIRA;114.20
SBICARD;685.00
LALPATHLAB;2,011.00
RSYSTEMS;434.95
RBL;652.00
KPRMILL;759.95
LAOPALA;302.75
MANGCHEFER;100.90
BIKAJI;502.95
SUNTECK;399.70
RAMCOIND;197.50
SOMANYCERA;570.50
GATEWAY;93.65
YATHARTH;374.00
SILINV;462.00
NAHARSPING;274.65
AUROPHARMA;1,005.00
GOLDIAM;167.40
JIOFIN;328.00
SKFINDIA;4,090.00
GMMPFAUDLR;1,270.00
HCG;315.00
MHRIL;378.75
KTKBANK;226.60
TVSSCS;149.80
SBGLP;744.95
SYNGENE;670.00
MAZDOCK;1,857.70
KEI;3,003.50
BRITANNIA;4,853.25
PIXTRANS;1,268.00
KOLTEPATIL;415.45
ORISSAMINE;5,690.00
GUJGASLTD;528.00
GESHIP;909.00
POLYMED;1,395.00
PIDILITIND;2,820.95
INDIGO;3,110.00
IOLCP;354.05
ITI;233.55
CREDITACC;1,310.00
ACC;2,387.00
ORIENTHOT;113.45
IOB;56.50
NILKAMAL;1,779.75
ALLSEC;714.45
POWERGRID;264.05
GRPLTD;5,500.00
NITINSPIN;304.55
TARSONS;405.00
SUPRAJIT;399.75
CEATLTD;2,494.75
SENCO;711.75
BLUESTARCO;1,265.45
EPL;183.65
EQUITASBNK;91.50
PFIZER;4,262.25
RECLTD;448.00
MOIL;265.60
BORORENEW;483.90
TIIL;1,583.90
VIPIND;469.75
ITC;421.95
JSWSTEEL;792.00
SHIVAMILLS;83.00
SYRMA;456.00
KRISHANA;247.80
GUFICBIO;283.00
ASTRAMICRO;521.00
ABFRL;200.10
MOL;78.00
JINDRILL;539.90
IDBI;76.60
JKPAPER;341.60
DEVYANI;147.65
SBFC;73.25
TANLA;803.40
LOVABLE;109.50
RELIGARE;217.45
BIOCON;252.50
GOKUL;36.00
MFSL;950.60
MINDTECK;171.80
LAURUSLABS;400.00
DCMSHRIRAM;861.85
RKSWAMY;232.00
PFC;397.00
M&MFIN;264.00
MTNL;32.80
GLAND;1,688.00
PIIND;3,575.05
AMBER;3,549.00
PANAMAPET;304.00
GREENLAM;451.45
RADHIKAJWE;58.35
CONFIPET;85.00
AVANTIFEED;475.00
KAJARIACER;1,200.05
INDIANB;500.30
KMSUGAR;27.65
VINDHYATEL;2,009.00
CENTRALBK;54.00
MOLDTKPAC;802.85
KESORAMIND;160.50
AXISCADES;503.85
CAMS;2,739.60
LTIM;5,184.95
RIIL;1,176.75
AFFLE;1,020.00
SUTLEJTEX;51.00
ADVANIHOTR;149.95
TVSSRICHAK;3,933.40
VAIBHAVGBL;359.50
MUKANDLTD;143.00
COLPAL;2,566.95
NAVINFLUOR;2,918.05
BHEL;224.80
RICOAUTO;110.70
CONCORDBIO;1,370.00
JSWENERGY;460.00
PRAKASH;131.00
LUXIND;1,114.00
NEULANDLAB;5,630.00
ZENSARTECH;523.95
NETWORK18;82.95
MAZDA;1,140.00
REFEX;620.00
AIAENG;3,621.00
KRBL;283.95
VSTIND;3,539.95
COROMANDEL;1,074.00
XPROINDIA;1,030.05
SULA;505.00
STLTECH;116.50
FACT;591.85
ICICIPRULI;572.05
ABCAPITAL;170.95
KOTAKBANK;1,725.00
NELCO;698.80
MANGALAM;93.80
SIGACHI;56.20
JUBLINGREA;427.30
JINDALSAW;390.00
MAXHEALTH;742.45
TIINDIA;3,446.00
INDOSTAR;185.05
SREEL;275.00
JMFINANCIL;73.00
SHRIRAMFIN;2,315.00
ESCORTS;2,705.30
SIRCA;301.00
CIPLA;1,467.10
HEG;1,722.40
IVP;153.00
CDSL;1,679.70
EMAMILTD;436.00
RAMRAT;250.90
TVSMOTOR;2,139.85
PNBHOUSING;610.00
GOCOLORS;1,026.30
AMJLAND;32.50
RUPA;240.00
INDHOTEL;543.00
TORNTPOWER;1,132.40
SJS;601.95
METROBRAND;1,038.00
SYMPHONY;828.00
KSCL;652.50
RUBYMILLS;186.00
GEPIL;247.00
ONMOBILE;61.70
ISFT;123.00
LT;3,527.05
SEAMECLTD;1,075.00
ACE;1,074.95
VISHWARAJ;15.00
HINDUNILVR;2,304.85
BANCOINDIA;520.00
HBLPOWER;400.05
AURUM;132.60
HUHTAMAKI;294.00
CGCL;204.25
UTTAMSUGAR;335.20
GODREJIND;756.05
ATGL;870.00
DRREDDY;6,282.00
SBILIFE;1,482.20
MUTHOOTCAP;281.00
HOMEFIRST;815.05
VBL;1,388.85
ICICIBANK;1,080.00
WINDMACHIN;68.05
CAPLIPOINT;1,267.00
CAPACITE;214.85
UNIPARTS;509.00
XELPMOC;107.00
OBEROIRLTY;1,295.00
HIKAL;266.80
MASTEK;2,610.05
GMRP&UI;39.90
PARKHOTELS;172.25
SJLOGISTIC;261.00
BANKBARODA;259.90
BBTCL;259.00
IMPAL;943.00
KAMOPAINTS;164.50
POLYCAB;4,760.00
TEXINFRA;87.40
L&TFH;147.00
TECHM;1,272.00
RELAXO;802.70
OFSS;8,000.00
GAIL;168.00
HARIOMPIPE;450.60
PITTIENG;681.05
BCONCEPTS;719.90
LTFOODS;161.90
SPIC;69.35
GVPTECH;11.55
MPHASIS;2,365.00
VESUVIUS;3,111.50
GODREJAGRO;490.00
ROSSELLIND;349.70
SONATSOFTW;737.00
ORCHPHARMA;970.00
OLECTRA;1,582.95
TORNTPHARM;2,652.00
VPRPL;144.00
NTPC;321.05
BOHRAIND;22.00
MIRZAINT;44.00
PVRINOX;1,299.05
CANBK;534.00
JAMNAAUTO;108.95
MAHABANK;53.95
WABAG;656.00
COFORGE;6,145.00
SHOPERSTOP;713.55
CUMMINSIND;2,663.40
REDINGTON;191.00
DALMIASUG;350.00
INDIAMART;2,504.95
BERGEPAINT;554.10
BAJAJFINSV;1,565.60
HEUBACHIND;435.00
VINYLINDIA;330.50
ESABINDIA;4,848.00
AMIORG;1,015.00
ORIENTPPR;41.00
BLUEJET;334.75
MITCON;111.10
EICHERMOT;3,717.00
ASAHIINDIA;510.00
AXISBANK;1,075.00
DLF;826.00
TATACHEM;1,091.95
IFBIND;1,333.20
MALUPAPER;39.50
MEDICO;78.45
FLUOROCHEM;3,211.00
SPLPETRO;594.70
BDL;1,582.00
VOLTAS;1,037.10
ASTERDM;411.00
ADANIGREEN;1,716.00
SHK;169.80
STARPAPER;216.50
JINDALPOLY;480.00
POWERINDIA;6,335.85
LGBFORGE;9.00
EKC;116.45
INDOCO;321.05
HEMIPROP;169.00
ELGIEQUIP;621.30
DSSL;705.00
PYRAMID;141.00
MSTCLTD;772.45
DABUR;517.00
DOLATALGO;61.25
INDOBORAX;148.60
DIVISLAB;3,460.00
LTTS;5,125.05
LOYALTEX;494.00
AKSHOPTFBR;8.65
DWARKESH;77.60
BSOFT;719.10
EMAMIPAP;111.25
RBA;101.30
MOTILALOFS;1,392.50
DEEPINDS;239.95
IZMO;247.70
CARBORUNIV;1,054.45
NACLIND;57.40
THERMAX;3,607.05
SHYAMMETL;541.00
GRINFRA;1,206.05
ORIENTELEC;194.50
ALKEM;4,915.00
PTCIL;7,117.70
WINDLAS;485.00
ADVENZYMES;348.50
AARTIIND;616.00
IRCTC;875.05
CANFINHOME;716.85
UFLEX;403.00
WIPRO;501.15
MARATHON;452.25
BAJAJ-AUTO;8,330.50
RAMANEWS;15.30
WTICAB;160.00
GFLLIMITED;68.40
MINDACORP;380.00
TIDEWATER;1,389.55
BALMLAWRIE;205.00
POONAWALLA;462.30
INDUSTOWER;234.85
UTKARSHBNK;45.45
FOSECOIND;3,050.00
63MOONS;381.00
NIITMTS;491.05
POKARNA;431.00
LICHSGFIN;586.50
DIAMONDYD;963.00
AMBUJACEM;555.50
TRITURBINE;458.00
AUBANK;573.00
NAUKRI;5,072.50
SARDAEN;182.00
BEL;189.00
CRAFTSMAN;3,825.00
DEEPAKNTR;2,051.00
ICICIGI;1,631.95
VINATIORGA;1,560.05
GILLETTE;6,330.00
NSIL;3,072.10
SOTL;396.00
SUVENPHAR;628.00
SVPGLOB;7.05
VMART;1,873.10
MIDHANI;351.50
MTARTECH;1,700.00
JKTYRE;430.05
MAPMYINDIA;1,611.05
MBLINFRA;40.95
MSUMI;61.10
CLEDUCATE;80.20
KIRLOSENG;755.00
GPPL;173.10
RAIN;152.95
ELIN;131.00
SUKHJITS;417.10
KANPRPLA;97.05
DIXON;6,553.20
JKIL;542.45
TATAMTRDVR;638.00
RML;640.20
GRWRHITECH;1,590.00
LUPIN;1,591.00
HATHWAY;19.00
SASKEN;1,398.05
CHAMBLFERT;335.10
SMARTLINK;158.00
SJVN;100.40
FDC;420.40
EROSMEDIA;18.60
PPLPHARMA;117.75
DELHIVERY;420.05
HNDFDS;473.00
DPABHUSHAN;700.00
MANORG;304.95
WELENT;285.00
AHLADA;96.05
IEX;132.00
TATACOMM;1,870.00
GREENPANEL;327.55
DENORA;1,392.15
ATFL;653.45
RKEC;76.05
TATAMOTORS;964.95
VENUSREM;285.10
CONSOFINVT;215.00
EMSLIMITED;366.00
CMSINFO;376.00
BHARATRAS;8,400.00
SUBROS;491.00
POLYPLEX;766.80
ACI;602.00
GLENMARK;890.55
ALEMBICLTD;78.90
MOREPENLAB;39.00
FORTIS;382.10
BAJAJHIND;27.60
CLSEL;204.00
CONTROLPR;887.05
IDFCFIRSTB;76.80
AARTISURF;570.00
SANGHIIND;98.00
GODREJCP;1,185.05
MEGASOFT;70.00
JSWINFRA;213.50
VTL;400.00
PODDARMENT;330.05
KHADIM;303.00
TCI;765.05
LIBERTSHOE;260.00
JAYAGROGN;205.00
KSHITIJPOL;5.25
NAM-INDIA;441.00
ASTRAL;1,982.25
NMDC;203.50
SOUTHBANK;26.00
SONAMAC;130.00
ASHOKA;144.60
INDIGRID;130.10
BATAINDIA;1,390.00
ORICONENT;30.60
TEMBO;270.00
SHANTI;15.20
CARERATING;1,085.00
COSMOFIRST;458.00
SAGCEM;210.00
DELAPLEX;200.00
GINNIFILA;30.00
LLOYDSME;535.00
J&KBANK;118.90
RPSGVENT;625.40
STARHEALTH;540.00
RITCO;191.20
CSBBANK;332.40
SAREGAMA;342.05
LIKHITHA;238.10
MBAPL;238.00
TDPOWERSYS;262.05
STYRENIX;1,291.00
DJML;134.60
SHREYANIND;197.00
KSOLVES;1,040.35
ZOMATO;147.10
PARAGON;109.10
HITECH;109.00
ETHOSLTD;2,550.00
MRPL;187.00
ASHOKLEY;158.10
EMMBI;88.25
SANGAMIND;366.90
NOCIL;222.00
PENINLAND;45.80
IIFL;380.00
SANSERA;919.55
UNOMINDA;614.00
PRAJIND;450.00
BALKRISIND;2,260.00
PLAZACABLE;80.00
AGSTRA;66.50
ONGC;252.50
BEML;2,705.05
TRENT;3,900.00
TRACXN;79.30
RAJSREESUG;57.05
APTUS;307.05
ASHOKAMET;21.90
BANKINDIA;127.00
ONWARDTEC;436.00
NAHARPOLY;183.00
GPTHEALTH;143.55
PAKKA;252.00
NYKAA;147.70
DIAMINESQ;502.05
NECLIFE;30.05
PNCINFRA;385.95
HDFCLIFE;603.00
EXXARO;93.65
ASIANTILES;51.00
EXIDEIND;297.20
IRISDOREME;72.10
ALICON;791.00
UGROCAP;219.75
SERVOTECH;76.00
THANGAMAYL;1,200.00
POLICYBZR;1,063.00
GULFOILLUB;860.00
GSPL;331.95
SECURCRED;16.35
JAYBARMARU;102.00
NESCO;756.00
KFINTECH;555.00
PARADEEP;68.15
VIRINCHI;32.05
FILATEX;52.00
ACCELYA;1,600.00
GHCL;448.00
SUMMITSEC;1,135.00
IMAGICAA;70.85
VALIANTLAB;141.00
GANECOS;910.05
HEROMOTOCO;4,455.00
PATINTLOG;19.40
DEN;46.25
IOC;161.25
DBCORP;245.00
WELSPUNLIV;133.80
SKMEGGPROD;223.50
VIPCLOTHNG;34.00
KALYANKJIL;385.00
NATHBIOGEN;177.00
GOCLCORP;386.65
WOCKPHARMA;516.85
SHAREINDIA;1,605.00
INFIBEAM;33.50
EMAMIREAL;85.60
GULPOLY;160.00
LINCOLN;555.00
DREAMFOLKS;482.50
HERCULES;441.20
JAGRAN;90.90
SHREDIGCEM;93.60
INDBANK;39.50
APOLLOPIPE;620.00
MEDIASSIST;448.00
RAJRATAN;590.05
IONEXCHANG;440.25
INTLCONV;71.00
DIL;7.10
DBL;381.00
HDFCAMC;3,585.05
HTMEDIA;24.55
QUICKHEAL;501.75
BODALCHEM;76.65
MPSLTD;1,490.35
BHARATFORG;1,111.00
ELGIRUBCO;45.05
UNICHEMLAB;480.00
PATELENG;51.50
GEECEE;247.00
ULTRACEMCO;9,455.00
VARDHACRLC;51.05
UNIONBANK;139.50
PARAGMILK;190.05
TEAMLEASE;2,805.00
MODISONLTD;98.05
3PLAND;27.00
GODREJPROP;2,173.00
DHARMAJ;198.65
PEARLPOLY;26.85
RADICO;1,502.00
GOKULAGRO;97.20
HMVL;86.90
PUNJABCHEM;928.50
QUESS;472.50
NELCAST;123.05
RGL;103.00
PHOENIXLTD;2,551.00
SHEMAROO;132.55
LORDSCHLO;112.65
EMUDHRA;581.30
DYNPRO;277.20
AARON;250.55
PRECAM;181.15
SHANTIGEAR;486.65
ARTEMISMED;141.30
RPGLIFE;1,370.15
RRKABEL;1,337.25
BHAGCHEM;1,540.40
FCL;338.25
BHAGERIA;141.20
LANDMARK;692.70
CHEVIOT;1,243.65
KIRLPNU;623.25
INFOBEAN;377.10
ADFFOODS;180.35
INDNIPPON;603.25
KOPRAN;216.35
MEDICAMEQ;363.80
INNOVACAP;471.95
UMANGDAIRY;75.15
DCMSRIND;163.30
NLCINDIA;199.10
TPLPLASTEH;52.05
AUTOIND;113.80
AJMERA;585.25
PNB;117.00
EIHOTEL;380.10
SMCGLOBAL;110.40
HIGREEN;152.20
UFO;116.55
INOXINDIA;1,080.00
SARLAPOLY;51.45
BRIGADE;845.00
SPLIL;54.60
VENUSPIPES;1,485.00
KCPSUGIND;31.95
MOTHERSON;108.50
MAWANASUG;86.05
ROHLTD;325.00
RBLBANK;226.85
VIDHIING;425.10
PERSISTENT;8,000.00
STEELCAS;590.00
ISGEC;810.00
PROZONER;27.90
CENTURYPLY;639.95
JOCIL;163.00
NDLVENTURE;92.10
TATACONSUM;1,160.05
HMAAGRO;49.00
ATAM;147.00
KNRCON;241.60
CARYSIL;894.90
KIOCL;366.00
HEXATRADEX;145.00
CELEBRITY;14.90
RAYMOND;1,600.00
ALKALI;98.15
SNOWMAN;56.50
CARTRADE;630.35
TRIGYN;98.00
BETA;1,065.05
SAPPHIRE;1,367.80
AMBICAAGAR;26.60
ARENTERP;38.25
SANDHAR;450.05
DELPHIFX;223.45
HFCL;82.30
FEDERALBNK;146.00
OSWALAGRO;34.75
NIRAJ;37.50
MADRASFERT;77.75
BAJAJHLDNG;8,225.00
PSB;54.25
TIMETECHNO;190.10
SSWL;226.00
PONNIERODE;367.05
DONEAR;90.00
SPARC;351.05
JBMA;1,679.95
FAZE3Q;350.00
REDTAPE;540.00
ASMS;19.05
SIGNPOST;361.00
CHOLAHLDNG;1,030.15
SPORTKING;738.00
DECCANCE;524.20
PRITI;156.05
ARMANFIN;1,755.00
MIRCELECTR;18.50
TCPLPACK;2,236.00
SUBEXLTD;29.00
IRB;50.00
MALLCOM;820.00
BLSE;274.95
ATALREAL;15.70
RAJRILTD;26.15
ACLGATI;96.75
HILTON;114.00
SANGHVIMOV;987.00
INDOAMIN;108.50
MAXESTATES;245.10
LPDC;7.70
UMESLTD;5.10
BBL;4,765.05
ROXHITECH;101.70
IMFA;523.00
ANANTRAJ;281.00
FUSION;444.00
VOLTAMP;7,320.20
HGS;780.00
GODFRYPHLP;2,875.00
MMFL;856.00
ANURAS;895.95
JUBLPHARMA;538.05
PASUPTAC;34.50
CESC;110.20
ROTO;324.95
PRICOLLTD;332.05
MAHLIFE;515.15
SONACOMS;629.30
DCAL;195.10
SAKUMA;21.40
INDUSINDBK;1,471.55
ANMOL;44.80
KDDL;2,214.00
CENTRUM;25.70
AARTIPHARM;407.95
SECURKLOUD;44.00
SHARDAMOTR;1,181.05
FROG;135.00
BAJAJCON;205.50
PLASTIBLEN;227.15
DPSCLTD;15.90
GIPCL;152.05
DHUNINV;1,036.00
KPITTECH;1,385.05
AHLUCONT;999.05
SINDHUTRAD;18.00
HISARMETAL;159.00
WSI;125.00
NAHARINDUS;113.80
GREENPLY;218.55
TIRUMALCHM;204.15
CHEMFAB;551.30
BIOFILCHEM;55.05
SURAJEST;280.25
KIMS;1,950.00
MANKIND;2,020.00
360ONE;682.00
THEMISMED;207.50
PATANJALI;1,318.05
FLAIR;246.10
RISHABH;404.95
ARVIND;248.10
STEELCITY;69.55
KSB;3,496.70
ANANDRATHI;3,736.85
JAICORPLTD;249.05
BHAGYANGR;77.40
LAXMICOT;25.70
SPCENET;25.70
APARINDS;5,648.95
DBSTOCKBRO;42.60
HINDCOMPOS;378.75
CYIENTDLM;662.00
BOMDYEING;137.55
VASCONEQ;55.00
JYOTHYLAB;390.40
NCC;206.00
DCI;180.00
ALPA;81.00
SIGNATURE;1,144.30
SIGIND;58.00
ARROWGREEN;340.30
INDIASHLTR;558.00
REPCOHOME;366.50
DELTAMAGNT;84.25
CMMIPL;2.05
SAKSOFT;213.05
LIBAS;16.00
HITECHGEAR;441.25
SPENCERS;87.35
PILANIINVS;3,150.10
JUSTDIAL;768.00
USK;49.00
SHYAMCENT;17.60
IFBAGRO;411.50
LYKALABS;106.25
JSLL;690.00
JGCHEM;180.00
BECTORFOOD;975.00
TITAGARH;810.05
SKIPPER;251.35
PENIND;106.90
RAMKY;430.00
PRESTIGE;1,093.00
IRFC;120.90
INSPIRE;32.45
INDIANCARD;233.70
SAHANA;635.00
MOHITIND;17.50
UDS;302.00
AZAD;1,185.00
ORIANA;616.00
BANKA;100.00
NAHARCAP;277.10
SUVEN;96.30
ORBTEXP;147.10
HLVLTD;22.10
DREDGECORP;619.65
DATAPATTNS;2,120.25
JKLAKSHMI;772.15
POCL;582.00
GENUSPAPER;16.55
GANESHHOUC;668.95
GTLINFRA;1.65
CIEINDIA;406.80
KAMDHENU;508.00
MASFIN;269.45
WELCORP;480.10
INDRAMEDCO;156.50
TECHNOE;623.15
KAYNES;2,700.00
LODHA;982.00
INTENTECH;105.10
WEIZMANIND;85.50
OMINFRAL;120.10
KAVVERITEL;11.00
MEDANTA;1,115.00
DIVGIITTS;675.05
HPL;279.95
APOLSINHOT;1,597.00
SELAN;407.50
MANAKALUCO;24.30
AUROIMPEX;72.55
STEELXIND;12.00
HPAL;92.55
SANDUMA;335.30
ELECTCAST;138.60
BANARISUG;2,252.00
JUNIPER;396.25
RELCHEMQ;181.00
IRCON;179.10
KEEPLEARN;4.40
TALBROAUTO;222.00
MANAKCOAT;29.15
SYSTANGO;269.00
ALPEXSOLAR;250.00
LLOYDSENGG;42.15
GATECH;1.45
TVSELECT;242.00
BASILIC;312.60
BAJEL;175.55
LAMBODHARA;140.55
BHARATWIRE;258.20
IFCI;36.35
MMTC;63.85
GENUSPOWER;205.95
ORIENTBELL;305.30
PPL;321.00
KERNEX;535.55
KOTHARIPET;109.10
GEEKAYWIRE;75.00
NRAIL;372.65
HEADSUP;12.20
JPASSOCIAT;16.05
MUNJALAU;72.20
CELLECOR;156.00
SBC;18.65
BALAJITELE;77.10
DIGISPICE;25.15
PENTAGON;105.00
HIRECT;565.00
STAR;725.00
TAKE;20.65
AKG;18.00
SOMATEX;32.10
IREDA;122.55
VISAKAIND;100.40
SWELECTES;860.00
EMIL;173.00
APCL;166.60
INOXWIND;433.30
MAHSEAMLES;776.50
TIPSINDLTD;412.00
THYROCARE;591.20
RPPINFRA;98.50
ZENITHSTL;7.35
AARVI;116.15
SBCL;483.25
SHAHALLOYS;55.30
ROLLT;1.20
NAGAFERT;9.55
MARSHALL;25.00
SPECTRUM;1,353.00
OMAXE;78.30
TARC;128.00
ALOKINDS;26.05
TECHIN;21.20
TGBHOTELS;12.95
DCMNVL;177.25
AIRAN;22.20
ANKITMETAL;3.50
MADHUCON;7.00
GATECHDVR;3.50
MICEL;37.15
AARVEEDEN;23.20
TIPSFILMS;617.05
NBCC;106.00
RBZJEWEL;138.25
INVENTURE;2.30
VIVIDHA;1.15
PAYTM;336.25
SIGMA;341.10
CANARYS;27.00
MONARCH;490.00
VCL;1.10
VIKASECO;3.30
ASIANENE;239.55
BIGBLOC;167.00
DBREALTY;215.60
ATLANTAA;18.50
RPOWER;19.50
SEPC;16.25
EIMCOELECO;1,335.00
BYKE;56.30
NITIRAJ;153.00
TOKYOPLAST;95.75
OILCOUNTUB;26.80
AURIONPRO;1,792.00
PALASHSECU;103.55
KRITINUT;81.05
SUULD;7.45
SEL;250.00
TVVISION;5.30
COMPINFO;5.30
GVKPIL;9.50
KARMAENG;59.00
BVCL;49.50
SYNCOMF;11.55
ORIENTALTL;8.40
SRPL;1.05
ZENTEC;814.50
PLATIND;167.50
WELINV;715.00
SALASAR;18.80
UNIVASTU;135.60
BAFNAPH;78.00
PAISALO;107.05
BAGFILMS;8.30
URAVI;256.20
PRAKASHSTL;7.25
MITTAL;2.05
SAMPANN;18.35
NDRAUTO;716.55
SHAH;3.05
RANEENGINE;299.00
BUTTERFLY;756.00
MORARJEE;18.20
GANGAFORGE;9.10
LATTEYS;15.15
VIKASLIFE;5.05
NORBTEAEXP;11.10
PILITA;11.10
V2RETAIL;335.00
ACCURACY;9.00
SUMIT;51.00
NEXTMEDIA;6.00
AJOONI;5.00
DRCSYSTEMS;16.00
RTNPOWER;8.00
GTL;10.95
ARCHIES;29.85
ALANKIT;15.90
URJA;18.85
DIGIDRIVE;34.70
ASHAPURMIN;306.00
JAYNECOIND;43.55
BIL;261.05
PRAXIS;16.80
SIKKO;63.20
GLOBALVECT;105.65
SARVESHWAR;10.85
NETWEB;1,362.05
HPIL;125.05
GALLANTT;178.10
SABEVENTS;5.90
MOKSH;17.65
UNITECH;9.80
SHREERAMA;21.50
ESSARSHPNG;20.50
JHS;17.55
FCSSOFT;3.90
AGNI;58.50
IEL;9.75
LANCORHOL;46.80
IRIS;106.15
APS;199.50
NILAINFRA;10.70
SCI;189.55
ABAN;56.35
PVP;30.10
SHIVAMAUTO;33.95
DHANBANK;38.80
TREEHOUSE;22.30
JYOTISTRUC;19.35
IL&FSENGG;33.85
ENERGYDEV;20.30
NPST;1,025.00
BGRENERGY;39.60
VR;84.75
SURANASOL;29.85
LOTUSEYE;56.80
NDL;30.80
MEP;11.55
MANAKSTEEL;54.85
ONEPOINT;47.15
CINELINE;105.75
ORTINLAB;17.30
MCLEODRUSS;25.95
MAGNUM;49.00
CENTEXT;18.25
COUNCODOS;4.80
SUZLON;35.50
RATEGAIN;705.00
SADBHAV;23.00
REMSONSIND;855.50
PIGL;55.55
AKANKSHA;74.70
GSTL;47.85
MUKKA;34.45
JPPOWER;14.35
TV18BRDCST;44.00
NUCLEUS;1,158.10
WANBURY;125.25
SAGARDEEP;23.90
DHRUV;97.50
CORDSCABLE;140.45
VLEGOV;53.50
MKPL;37.25
NAGREEKEXP;28.65
OSIAHYPER;28.65
CTE;98.35
HUBTOWN;110.75
SPMLINFRA;92.60
MUKTAARTS;73.50
PARSVNATH;11.45
TFCILTD;179.35
SARTELE;194.60
MOTISONS;134.45
APOLLO;98.20
MODIRUBBER;79.10
ARVEE;127.70
MUFIN;160.05
AKI;19.05
IITL;192.40
AAATECH;81.90
BLAL;209.50
BEDMUTHA;189.50
MARINE;84.75
LAL;347.55
MSPL;25.70
AKSHARCHEM;261.75
PARACABLES;67.55
WEL;443.30
JAINAM;120.80
SWSOLAR;488.90
HSCL;272.00
WALCHANNAG;181.65
MAXIND;194.00
SCHNEIDER;583.80
NDGL;2,012.65
ADANIPOWER;501.90
GENSOL;788.00
TARMAT;96.00
JAIBALAJI;1,003.55
JUBLINDS;1,148.00
WEBELSOLAR;320.20
KPIGREEN;1,473.65
IWEL;5,074.30
KODYTECH;883.55
TATAINVEST;7,947.05
AKSHAR;2.85
TRIL;304.95
LGHL;314.45
ADROITINFO;15.20
SADHAV;162.45
INDOWIND;20.90
CUPID;2,219.10
SKYGOLD;892.95
GET&D;862.45
SMLT;214.65
SOFTTECH;269.70
INOXGREEN;114.90
RPPL;86.40
LFIC;172.80
BBOX;209.80
GSS;123.40
VASWANI;36.05
MCL;31.30
RVHL;40.75
UNIINFO;37.90
EUROTEXIND;18.00
PFS;34.10
VINEETLAB;47.35
BANG;45.45
GREENPOWER;17.90
BHANDARI;7.50
RAJMET;10.30
LYPSAGEMS;5.60
DEEM;111.00
SHRENIK;0.90
FCONSUMER;0.90
AVALON;470.00
HUDCO;155.30
NEWGEN;676.05
GPTINFRA;137.00
PGIL;560.10
CREATIVE;625.00
STARCEMENT;181.00
CADSYS;193.05
KKCL;621.55
SOUTH-RE;3.15
CHALET;681.05
DOLLEX;39.35
NINSYS;429.00
LAWSIKHO;187.50
TOUCHWOOD;118.25
ONELIFECAP;14.35
CLOUD;55.00
ZEAL;184.35
LEXUS;35.10
ZENITHDRUG;58.60
KONTOR;59.65
INDSWFTLAB;93.00
PRAMARA;82.65
YUDIZ;65.50
IPL;228.45
